[
{
  "model": "auth.user",
  "pk": 1,
  "fields": {
    "password": "pbkdf2_sha256$150000$yO1AGta2T5NR$QwoW3cGLh93dNgOPoClxcr4OEKg4aO63WE1gK/ZLH+8=",
    "last_login": "2019-07-04T19:44:42.061Z",
    "is_superuser": true,
    "username": "admin",
    "first_name": "",
    "last_name": "",
    "email": "",
    "is_staff": true,
    "is_active": true,
    "date_joined": "2019-06-12T18:23:00.331Z",
    "groups": [],
    "user_permissions": []
  }
},
{
  "model": "fiscales.fiscal",
  "pk": 1,
  "fields": {
    "estado": "CONFIRMADO",
    "notas": "",
    "codigo_confirmacion": "13a16943-1f43-4061-8fed-cfd08a8b8145",
    "email_confirmado": false,
    "apellido": "Admin",
    "nombres": "Fiscal",
    "tipo_dni": "DNI",
    "dni": "0000000",
    "user": 1
  }
},
{
  "model": "elecciones.distrito",
  "pk": 1,
  "fields": {
    "numero": 1,
    "nombre": "Distrito \u00fanico",
    "electores": 0
  }
},
{
  "model": "elecciones.seccion",
  "pk": 1,
  "fields": {
    "distrito": 1,
    "numero": 1,
    "nombre": "Secci\u00f3n 1",
    "electores": 440,
    "proyeccion_ponderada": false
  }
},
{
  "model": "elecciones.seccion",
  "pk": 2,
  "fields": {
    "distrito": 1,
    "numero": 2,
    "nombre": "Secci\u00f3n 2",
    "electores": 360,
    "proyeccion_ponderada": false
  }
},
{
  "model": "elecciones.circuito",
  "pk": 1,
  "fields": {
    "seccion": 1,
    "localidad_cabecera": null,
    "numero": "1",
    "nombre": "Circuito 1.1",
    "electores": 200
  }
},
{
  "model": "elecciones.circuito",
  "pk": 2,
  "fields": {
    "seccion": 1,
    "localidad_cabecera": null,
    "numero": "2",
    "nombre": "Circuito 1.2",
    "electores": 240
  }
},
{
  "model": "elecciones.circuito",
  "pk": 3,
  "fields": {
    "seccion": 2,
    "localidad_cabecera": null,
    "numero": "3",
    "nombre": "Circuito 2.3",
    "electores": 180
  }
},
{
  "model": "elecciones.circuito",
  "pk": 4,
  "fields": {
    "seccion": 2,
    "localidad_cabecera": null,
    "numero": "4",
    "nombre": "Circuito 2.4",
    "electores": 180
  }
},
{
  "model": "elecciones.lugarvotacion",
  "pk": 1,
  "fields": {
    "circuito": 1,
    "nombre": "Escuela 0",
    "direccion": "direccion",
    "barrio": "",
    "ciudad": "",
    "electores": null,
    "geom": null,
    "estado_geolocalizacion": 0,
    "calidad": "",
    "latitud": null,
    "longitud": null
  }
},
{
  "model": "elecciones.lugarvotacion",
  "pk": 2,
  "fields": {
    "circuito": 1,
    "nombre": "Escuela 1",
    "direccion": "direccion",
    "barrio": "",
    "ciudad": "",
    "electores": null,
    "geom": null,
    "estado_geolocalizacion": 0,
    "calidad": "",
    "latitud": null,
    "longitud": null
  }
},
{
  "model": "elecciones.lugarvotacion",
  "pk": 3,
  "fields": {
    "circuito": 2,
    "nombre": "Escuela 2",
    "direccion": "direccion",
    "barrio": "",
    "ciudad": "",
    "electores": null,
    "geom": null,
    "estado_geolocalizacion": 0,
    "calidad": "",
    "latitud": null,
    "longitud": null
  }
},
{
  "model": "elecciones.lugarvotacion",
  "pk": 4,
  "fields": {
    "circuito": 2,
    "nombre": "Escuela 3",
    "direccion": "direccion",
    "barrio": "",
    "ciudad": "",
    "electores": null,
    "geom": null,
    "estado_geolocalizacion": 0,
    "calidad": "",
    "latitud": null,
    "longitud": null
  }
},
{
  "model": "elecciones.lugarvotacion",
  "pk": 5,
  "fields": {
    "circuito": 3,
    "nombre": "Escuela 4",
    "direccion": "direccion",
    "barrio": "",
    "ciudad": "",
    "electores": null,
    "geom": null,
    "estado_geolocalizacion": 0,
    "calidad": "",
    "latitud": null,
    "longitud": null
  }
},
{
  "model": "elecciones.lugarvotacion",
  "pk": 6,
  "fields": {
    "circuito": 3,
    "nombre": "Escuela 5",
    "direccion": "direccion",
    "barrio": "",
    "ciudad": "",
    "electores": null,
    "geom": null,
    "estado_geolocalizacion": 0,
    "calidad": "",
    "latitud": null,
    "longitud": null
  }
},
{
  "model": "elecciones.lugarvotacion",
  "pk": 7,
  "fields": {
    "circuito": 4,
    "nombre": "Escuela 6",
    "direccion": "direccion",
    "barrio": "",
    "ciudad": "",
    "electores": null,
    "geom": null,
    "estado_geolocalizacion": 0,
    "calidad": "",
    "latitud": null,
    "longitud": null
  }
},
{
  "model": "elecciones.lugarvotacion",
  "pk": 8,
  "fields": {
    "circuito": 4,
    "nombre": "Escuela 7",
    "direccion": "direccion",
    "barrio": "",
    "ciudad": "",
    "electores": null,
    "geom": null,
    "estado_geolocalizacion": 0,
    "calidad": "",
    "latitud": null,
    "longitud": null
  }
},
{
  "model": "elecciones.mesacategoria",
  "pk": 1,
  "fields": {
    "mesa": 1,
    "categoria": 1,
    "confirmada": false
  }
},
{
  "model": "elecciones.mesacategoria",
  "pk": 2,
  "fields": {
    "mesa": 2,
    "categoria": 1,
    "confirmada": false
  }
},
{
  "model": "elecciones.mesacategoria",
  "pk": 3,
  "fields": {
    "mesa": 3,
    "categoria": 1,
    "confirmada": false
  }
},
{
  "model": "elecciones.mesacategoria",
  "pk": 4,
  "fields": {
    "mesa": 4,
    "categoria": 1,
    "confirmada": false
  }
},
{
  "model": "elecciones.mesacategoria",
  "pk": 5,
  "fields": {
    "mesa": 5,
    "categoria": 1,
    "confirmada": false
  }
},
{
  "model": "elecciones.mesacategoria",
  "pk": 6,
  "fields": {
    "mesa": 6,
    "categoria": 1,
    "confirmada": false
  }
},
{
  "model": "elecciones.mesacategoria",
  "pk": 7,
  "fields": {
    "mesa": 7,
    "categoria": 1,
    "confirmada": false
  }
},
{
  "model": "elecciones.mesacategoria",
  "pk": 8,
  "fields": {
    "mesa": 8,
    "categoria": 1,
    "confirmada": false
  }
},
{
  "model": "elecciones.mesa",
  "pk": 1,
  "fields": {
    "numero": 1,
    "es_testigo": false,
    "circuito": 1,
    "lugar_votacion": 1,
    "url": "",
    "electores": 100,
    "taken": "2019-07-04T19:51:18.215Z",
    "orden_de_carga": 1,
    "carga_confirmada": false,
    "cargadas": 1,
    "confirmadas": 0
  }
},
{
  "model": "elecciones.mesa",
  "pk": 2,
  "fields": {
    "numero": 2,
    "es_testigo": false,
    "circuito": 1,
    "lugar_votacion": 2,
    "url": "",
    "electores": 100,
    "taken": "2019-07-04T19:51:27.310Z",
    "orden_de_carga": 2,
    "carga_confirmada": false,
    "cargadas": 0,
    "confirmadas": 0
  }
},
{
  "model": "elecciones.mesa",
  "pk": 3,
  "fields": {
    "numero": 3,
    "es_testigo": false,
    "circuito": 2,
    "lugar_votacion": 3,
    "url": "",
    "electores": 120,
    "taken": "2019-07-04T19:52:19.468Z",
    "orden_de_carga": 2,
    "carga_confirmada": false,
    "cargadas": 0,
    "confirmadas": 0
  }
},
{
  "model": "elecciones.mesa",
  "pk": 4,
  "fields": {
    "numero": 4,
    "es_testigo": false,
    "circuito": 2,
    "lugar_votacion": 4,
    "url": "",
    "electores": 120,
    "taken": null,
    "orden_de_carga": 0,
    "carga_confirmada": false,
    "cargadas": 0,
    "confirmadas": 0
  }
},
{
  "model": "elecciones.mesa",
  "pk": 5,
  "fields": {
    "numero": 5,
    "es_testigo": false,
    "circuito": 3,
    "lugar_votacion": 5,
    "url": "",
    "electores": 90,
    "taken": null,
    "orden_de_carga": 0,
    "carga_confirmada": false,
    "cargadas": 0,
    "confirmadas": 0
  }
},
{
  "model": "elecciones.mesa",
  "pk": 6,
  "fields": {
    "numero": 6,
    "es_testigo": false,
    "circuito": 3,
    "lugar_votacion": 6,
    "url": "",
    "electores": 90,
    "taken": null,
    "orden_de_carga": 0,
    "carga_confirmada": false,
    "cargadas": 0,
    "confirmadas": 0
  }
},
{
  "model": "elecciones.mesa",
  "pk": 7,
  "fields": {
    "numero": 7,
    "es_testigo": false,
    "circuito": 4,
    "lugar_votacion": 7,
    "url": "",
    "electores": 90,
    "taken": null,
    "orden_de_carga": 0,
    "carga_confirmada": false,
    "cargadas": 0,
    "confirmadas": 0
  }
},
{
  "model": "elecciones.mesa",
  "pk": 8,
  "fields": {
    "numero": 8,
    "es_testigo": false,
    "circuito": 4,
    "lugar_votacion": 8,
    "url": "",
    "electores": 90,
    "taken": null,
    "orden_de_carga": 0,
    "carga_confirmada": false,
    "cargadas": 0,
    "confirmadas": 0
  }
},
{
  "model": "elecciones.partido",
  "pk": 1,
  "fields": {
    "orden": 1,
    "numero": null,
    "codigo": null,
    "nombre": "Partido 1",
    "nombre_corto": "",
    "color": "",
    "referencia": ""
  }
},
{
  "model": "elecciones.partido",
  "pk": 2,
  "fields": {
    "orden": 2,
    "numero": null,
    "codigo": null,
    "nombre": "Partido 2",
    "nombre_corto": "",
    "color": "",
    "referencia": ""
  }
},
{
  "model": "elecciones.partido",
  "pk": 3,
  "fields": {
    "orden": 3,
    "numero": null,
    "codigo": null,
    "nombre": "Partido 3",
    "nombre_corto": "",
    "color": "",
    "referencia": ""
  }
},
{
  "model": "elecciones.opcion",
  "pk": 1,
  "fields": {
    "nombre": "blanco",
    "nombre_corto": "blanco",
    "partido": null,
    "orden": 10,
    "obligatorio": false,
    "es_contable": false,
    "es_metadata": false,
    "codigo_dne": null
  }
},
{
  "model": "elecciones.opcion",
  "pk": 2,
  "fields": {
    "nombre": "opc1",
    "nombre_corto": "",
    "partido": 1,
    "orden": 2,
    "obligatorio": false,
    "es_contable": true,
    "es_metadata": false,
    "codigo_dne": null
  }
},
{
  "model": "elecciones.opcion",
  "pk": 3,
  "fields": {
    "nombre": "opc2",
    "nombre_corto": "",
    "partido": 2,
    "orden": 3,
    "obligatorio": false,
    "es_contable": true,
    "es_metadata": false,
    "codigo_dne": null
  }
},
{
  "model": "elecciones.opcion",
  "pk": 4,
  "fields": {
    "nombre": "opc3",
    "nombre_corto": "",
    "partido": 3,
    "orden": 4,
    "obligatorio": false,
    "es_contable": true,
    "es_metadata": false,
    "codigo_dne": null
  }
},
{
  "model": "elecciones.categoria",
  "pk": 1,
  "fields": {
    "eleccion": null,
    "slug": "elecciones-1",
    "nombre": "elecciones-1",
    "color": "black",
    "back_color": "white",
    "activa": true,
    "opciones": [
      2,
      3,
      4,
      1
    ]
  }
},
{
  "model": "elecciones.carga",
  "pk": 1,
  "fields": {
    "created": "2019-07-04T19:51:27.212Z",
    "modified": "2019-07-04T19:51:27.212Z",
    "mesa": 1,
    "categoria": 1,
    "fiscal": 1,
    "consolidada": false
  }
},
{
  "model": "elecciones.votomesareportado",
  "pk": 1,
  "fields": {
    "carga": 1,
    "opcion": 2,
    "votos": 10
  }
},
{
  "model": "elecciones.votomesareportado",
  "pk": 2,
  "fields": {
    "carga": 1,
    "opcion": 3,
    "votos": 20
  }
},
{
  "model": "elecciones.votomesareportado",
  "pk": 3,
  "fields": {
    "carga": 1,
    "opcion": 4,
    "votos": 30
  }
},
{
  "model": "elecciones.votomesareportado",
  "pk": 4,
  "fields": {
    "carga": 1,
    "opcion": 1,
    "votos": 10
  }
}
]
