[
{
  "model": "auth.group",
  "pk": 1,
  "fields": {
    "name": "validadores",
    "permissions": []
  }
},
{
  "model": "auth.group",
  "pk": 2,
  "fields": {
    "name": "unidades basicas",
    "permissions": []
  }
},
{
  "model": "auth.group",
  "pk": 3,
  "fields": {
    "name": "visualizadores",
    "permissions": []
  }
},
{
  "model": "auth.group",
  "pk": 4,
  "fields": {
    "name": "supervisores",
    "permissions": []
  }
},
{
  "model": "auth.group",
  "pk": 5,
  "fields": {
    "name": "fiscales con acceso al bot",
    "permissions": []
  }
},
{
  "model": "auth.group",
  "pk": 6,
  "fields": {
    "name": "visualizadores_sensible",
    "permissions": []
  }
},
{
  "model": "auth.user",
  "pk": 1,
  "fields": {
    "password": "pbkdf2_sha256$150000$yO1AGta2T5NR$QwoW3cGLh93dNgOPoClxcr4OEKg4aO63WE1gK/ZLH+8=",
    "last_login": "2019-08-05T12:32:33.614Z",
    "is_superuser": true,
    "username": "admin",
    "first_name": "",
    "last_name": "",
    "email": "",
    "is_staff": true,
    "is_active": true,
    "date_joined": "2019-06-12T18:23:00Z",
    "groups": [
      1,
      2,
      3,
      4,
      5,
      6
    ],
    "user_permissions": []
  }
},
{
  "model": "auth.user",
  "pk": 2,
  "fields": {
    "password": "pbkdf2_sha256$150000$MCyT0PHympML$ozN9x9bRkbuYtAwO0KAXfeLDDryz26/u60jVELkvPPg=",
    "last_login": "2019-07-13T14:33:01.393Z",
    "is_superuser": false,
    "username": "validador",
    "first_name": "Usuario",
    "last_name": "Validador",
    "email": "",
    "is_staff": false,
    "is_active": true,
    "date_joined": "2019-07-13T12:23:00Z",
    "groups": [
      1
    ],
    "user_permissions": []
  }
},
{
  "model": "auth.user",
  "pk": 3,
  "fields": {
    "password": "pbkdf2_sha256$150000$FtdqVrjIqV7m$JvpnVkXW84uUVBJLvC1Q9zfkv1gF4UuYMrz6c7ta+qQ=",
    "last_login": "2019-07-13T14:18:35.867Z",
    "is_superuser": false,
    "username": "ub",
    "first_name": "Usuario",
    "last_name": "Unidad B\u00e1sica",
    "email": "",
    "is_staff": false,
    "is_active": true,
    "date_joined": "2019-07-13T12:27:07Z",
    "groups": [
      2
    ],
    "user_permissions": []
  }
},
{
  "model": "auth.user",
  "pk": 4,
  "fields": {
    "password": "pbkdf2_sha256$150000$j07EhLfLIg9y$HxEUB4/5rvcRwf2RWvpnN1xbtXv9t0ZgNI4M3R0QNC0=",
    "last_login": "2019-07-13T14:18:45.389Z",
    "is_superuser": false,
    "username": "visualizador",
    "first_name": "Usuario",
    "last_name": "Visualizador",
    "email": "",
    "is_staff": false,
    "is_active": true,
    "date_joined": "2019-07-13T12:27:38Z",
    "groups": [
      3
    ],
    "user_permissions": []
  }
},
{
  "model": "auth.user",
  "pk": 5,
  "fields": {
    "password": "pbkdf2_sha256$150000$tLigreVtpSyH$qkvNA/4g145PB7HdDogIHedydw/KvUa1L2uYZivgw9s=",
    "last_login": null,
    "is_superuser": false,
    "username": "supervisor",
    "first_name": "Usuario",
    "last_name": "Supervisor",
    "email": "",
    "is_staff": false,
    "is_active": true,
    "date_joined": "2019-07-13T12:30:33Z",
    "groups": [
      4
    ],
    "user_permissions": []
  }
},
{
  "model": "auth.user",
  "pk": 6,
  "fields": {
    "password": "pbkdf2_sha256$150000$FQwdIOV1ks4j$xGzYZk1n9QiBHnOt5KRGZaY85db7R+xBwnXcEdlKEbI=",
    "last_login": null,
    "is_superuser": false,
    "username": "fiscalbot",
    "first_name": "Fiscal",
    "last_name": "Bot",
    "email": "",
    "is_staff": false,
    "is_active": true,
    "date_joined": "2019-07-13T12:31:35Z",
    "groups": [
      5
    ],
    "user_permissions": []
  }
},
{
  "model": "auth.user",
  "pk": 7,
  "fields": {
    "password": "pbkdf2_sha256$150000$BhwCvPzMgPNP$KPKsJ4lZHSw4Ymp+khCNMi5UVWNolmt9tAuc96ZQ02Q=",
    "last_login": "2019-07-13T14:33:01.393Z",
    "is_superuser": false,
    "username": "visualizador_sensible",
    "first_name": "Usuario",
    "last_name": "Visualizador Sensible",
    "email": "",
    "is_staff": false,
    "is_active": true,
    "date_joined": "2019-07-13T12:23:00Z",
    "groups": [
      3,
      6
    ],
    "user_permissions": []
  }
},
{
  "model": "fiscales.fiscal",
  "pk": 1,
  "fields": {
    "estado": "CONFIRMADO",
    "notas": "",
    "codigo_confirmacion": "13a16943-1f43-4061-8fed-cfd08a8b8145",
    "email_confirmado": false,
    "apellido": "Admin",
    "nombres": "Fiscal",
    "tipo_dni": "DNI",
    "dni": "0000000",
    "troll": false,
    "user": 1,
    "seccion": null,
    "session_key": "q09j7d2v3saqr2hyq2vpoylog3dd8f41",
    "last_seen": "2019-08-05T12:41:51.645Z",
    "distrito": null,
    "referente": null,
    "referente_certeza": 100,
    "referencia_confirmada": false,
    "referente_nombres": null,
    "referente_apellido": null,
    "referido_por_codigos": null
  }
},
{
  "model": "fiscales.fiscal",
  "pk": 2,
  "fields": {
    "estado": "CONFIRMADO",
    "notas": "",
    "codigo_confirmacion": "3e3f001f-9798-4a6c-8b2c-0334b0b80938",
    "email_confirmado": false,
    "apellido": "Validador",
    "nombres": "Usuario",
    "tipo_dni": "DNI",
    "dni": "00000000",
    "troll": false,
    "user": 2,
    "seccion": null,
    "session_key": null,
    "last_seen": null,
    "distrito": null,
    "referente": null,
    "referente_certeza": 100,
    "referencia_confirmada": false,
    "referente_nombres": null,
    "referente_apellido": null,
    "referido_por_codigos": null
  }
},
{
  "model": "fiscales.fiscal",
  "pk": 3,
  "fields": {
    "estado": "CONFIRMADO",
    "notas": "",
    "codigo_confirmacion": "a16facb7-c992-4546-88fc-78fda4a9e16f",
    "email_confirmado": false,
    "apellido": "Fiscal",
    "nombres": "Bot",
    "tipo_dni": "DNI",
    "dni": "00000001",
    "troll": false,
    "user": 6,
    "seccion": null,
    "session_key": null,
    "last_seen": null,
    "distrito": null,
    "referente": null,
    "referente_certeza": 100,
    "referencia_confirmada": false,
    "referente_nombres": null,
    "referente_apellido": null,
    "referido_por_codigos": null
  }
},
{
  "model": "fiscales.fiscal",
  "pk": 4,
  "fields": {
    "estado": "CONFIRMADO",
    "notas": "",
    "codigo_confirmacion": "967e7cdb-cfd7-4818-a6bd-8fc6149d5c23",
    "email_confirmado": false,
    "apellido": "Usuario",
    "nombres": "Supervisor",
    "tipo_dni": "DNI",
    "dni": "00000002",
    "troll": false,
    "user": 5,
    "seccion": null,
    "session_key": null,
    "last_seen": null,
    "distrito": null,
    "referente": null,
    "referente_certeza": 100,
    "referencia_confirmada": false,
    "referente_nombres": null,
    "referente_apellido": null,
    "referido_por_codigos": null
  }
},
{
  "model": "fiscales.fiscal",
  "pk": 5,
  "fields": {
    "estado": "CONFIRMADO",
    "notas": "",
    "codigo_confirmacion": "221fe3b8-d83e-4bca-b6f3-a2584e3170d4",
    "email_confirmado": false,
    "apellido": "Usuario",
    "nombres": "Visualizador",
    "tipo_dni": "DNI",
    "dni": "00000003",
    "troll": false,
    "user": 4,
    "seccion": null,
    "session_key": null,
    "last_seen": null,
    "distrito": null,
    "referente": null,
    "referente_certeza": 100,
    "referencia_confirmada": false,
    "referente_nombres": null,
    "referente_apellido": null,
    "referido_por_codigos": null
  }
},
{
  "model": "fiscales.fiscal",
  "pk": 6,
  "fields": {
    "estado": "CONFIRMADO",
    "notas": "",
    "codigo_confirmacion": "ed7b0ee7-75da-4250-b3e5-f19c8af04982",
    "email_confirmado": false,
    "apellido": "Usuario",
    "nombres": "Unidad B\u00e1sica",
    "tipo_dni": "DNI",
    "dni": "00000004",
    "troll": false,
    "user": 3,
    "seccion": null,
    "session_key": null,
    "last_seen": null,
    "distrito": null,
    "referente": null,
    "referente_certeza": 100,
    "referencia_confirmada": false,
    "referente_nombres": null,
    "referente_apellido": null,
    "referido_por_codigos": null
  }
},
{
  "model": "fiscales.fiscal",
  "pk": 7,
  "fields": {
    "estado": "CONFIRMADO",
    "notas": "",
    "codigo_confirmacion": "44934047-355e-4e4a-8a65-2ebcd36cbfe0",
    "email_confirmado": false,
    "apellido": "Usuario",
    "nombres": "Visualizador Sensible",
    "tipo_dni": "DNI",
    "dni": "00000005",
    "troll": false,
    "user": 7,
    "seccion": null,
    "session_key": null,
    "last_seen": null,
    "distrito": null,
    "referente": null,
    "referente_certeza": 100,
    "referencia_confirmada": false,
    "referente_nombres": null,
    "referente_apellido": null,
    "referido_por_codigos": null
  }
},
{
  "model": "elecciones.distrito",
  "pk": 1,
  "fields": {
    "numero": "1",
    "nombre": "Distrito \u00fanico",
    "electores": 800,
    "prioridad": 0
  }
},
{
  "model": "elecciones.seccion",
  "pk": 1,
  "fields": {
    "distrito": 1,
    "seccion_politica": null,
    "numero": "1",
    "nombre": "Secci\u00f3n 1",
    "electores": 440,
    "prioridad": 0,
    "prioridad_hasta_2": null,
    "prioridad_2_a_10": null,
    "prioridad_10_a_100": null,
    "cantidad_minima_prioridad_hasta_2": null
  }
},
{
  "model": "elecciones.seccion",
  "pk": 2,
  "fields": {
    "distrito": 1,
    "seccion_politica": null,
    "numero": "2",
    "nombre": "Secci\u00f3n 2",
    "electores": 360,
    "prioridad": 0,
    "prioridad_hasta_2": null,
    "prioridad_2_a_10": null,
    "prioridad_10_a_100": null,
    "cantidad_minima_prioridad_hasta_2": null
  }
},
{
  "model": "elecciones.circuito",
  "pk": 1,
  "fields": {
    "seccion": 1,
    "localidad_cabecera": null,
    "numero": "1",
    "nombre": "Circuito 1.1",
    "electores": 200,
    "prioridad": 0
  }
},
{
  "model": "elecciones.circuito",
  "pk": 2,
  "fields": {
    "seccion": 1,
    "localidad_cabecera": null,
    "numero": "2",
    "nombre": "Circuito 1.2",
    "electores": 240,
    "prioridad": 0
  }
},
{
  "model": "elecciones.circuito",
  "pk": 3,
  "fields": {
    "seccion": 2,
    "localidad_cabecera": null,
    "numero": "3",
    "nombre": "Circuito 2.3",
    "electores": 180,
    "prioridad": 0
  }
},
{
  "model": "elecciones.circuito",
  "pk": 4,
  "fields": {
    "seccion": 2,
    "localidad_cabecera": null,
    "numero": "4",
    "nombre": "Circuito 2.4",
    "electores": 180,
    "prioridad": 0
  }
},
{
  "model": "elecciones.lugarvotacion",
  "pk": 1,
  "fields": {
    "circuito": 1,
    "nombre": "Escuela 0",
    "direccion": "direccion",
    "barrio": "",
    "ciudad": "",
    "numero": null,
    "electores": 100,
    "geom": null,
    "estado_geolocalizacion": 0,
    "calidad": "",
    "latitud": null,
    "longitud": null
  }
},
{
  "model": "elecciones.lugarvotacion",
  "pk": 2,
  "fields": {
    "circuito": 1,
    "nombre": "Escuela 1",
    "direccion": "direccion",
    "barrio": "",
    "ciudad": "",
    "numero": null,
    "electores": 100,
    "geom": null,
    "estado_geolocalizacion": 0,
    "calidad": "",
    "latitud": null,
    "longitud": null
  }
},
{
  "model": "elecciones.lugarvotacion",
  "pk": 3,
  "fields": {
    "circuito": 2,
    "nombre": "Escuela 2",
    "direccion": "direccion",
    "barrio": "",
    "ciudad": "",
    "numero": null,
    "electores": 120,
    "geom": null,
    "estado_geolocalizacion": 0,
    "calidad": "",
    "latitud": null,
    "longitud": null
  }
},
{
  "model": "elecciones.lugarvotacion",
  "pk": 4,
  "fields": {
    "circuito": 2,
    "nombre": "Escuela 3",
    "direccion": "direccion",
    "barrio": "",
    "ciudad": "",
    "numero": null,
    "electores": 120,
    "geom": null,
    "estado_geolocalizacion": 0,
    "calidad": "",
    "latitud": null,
    "longitud": null
  }
},
{
  "model": "elecciones.lugarvotacion",
  "pk": 5,
  "fields": {
    "circuito": 3,
    "nombre": "Escuela 4",
    "direccion": "direccion",
    "barrio": "",
    "ciudad": "",
    "numero": null,
    "electores": 90,
    "geom": null,
    "estado_geolocalizacion": 0,
    "calidad": "",
    "latitud": null,
    "longitud": null
  }
},
{
  "model": "elecciones.lugarvotacion",
  "pk": 6,
  "fields": {
    "circuito": 3,
    "nombre": "Escuela 5",
    "direccion": "direccion",
    "barrio": "",
    "ciudad": "",
    "numero": null,
    "electores": 90,
    "geom": null,
    "estado_geolocalizacion": 0,
    "calidad": "",
    "latitud": null,
    "longitud": null
  }
},
{
  "model": "elecciones.lugarvotacion",
  "pk": 7,
  "fields": {
    "circuito": 4,
    "nombre": "Escuela 6",
    "direccion": "direccion",
    "barrio": "",
    "ciudad": "",
    "numero": null,
    "electores": 90,
    "geom": null,
    "estado_geolocalizacion": 0,
    "calidad": "",
    "latitud": null,
    "longitud": null
  }
},
{
  "model": "elecciones.lugarvotacion",
  "pk": 8,
  "fields": {
    "circuito": 4,
    "nombre": "Escuela 7",
    "direccion": "direccion",
    "barrio": "",
    "ciudad": "",
    "numero": null,
    "electores": 90,
    "geom": null,
    "estado_geolocalizacion": 0,
    "calidad": "",
    "latitud": null,
    "longitud": null
  }
},
{
  "model": "elecciones.mesacategoria",
  "pk": 1,
  "fields": {
    "status": "00_sin_cargar",
    "mesa": 1,
    "categoria": 1,
    "carga_testigo": null,
    "taken": "2019-07-19T04:42:17.480Z",
    "taken_by": null,
    "percentil": null,
    "orden_de_llegada": null,
    "orden_de_carga": 0
  }
},
{
  "model": "elecciones.mesacategoria",
  "pk": 2,
  "fields": {
    "status": "00_sin_cargar",
    "mesa": 2,
    "categoria": 1,
    "carga_testigo": null,
    "taken": null,
    "taken_by": null,
    "percentil": null,
    "orden_de_llegada": null,
    "orden_de_carga": null
  }
},
{
  "model": "elecciones.mesacategoria",
  "pk": 3,
  "fields": {
    "status": "00_sin_cargar",
    "mesa": 3,
    "categoria": 1,
    "carga_testigo": null,
    "taken": "2019-07-30T17:19:24.701Z",
    "taken_by": 1,
    "percentil": null,
    "orden_de_llegada": null,
    "orden_de_carga": 0
  }
},
{
  "model": "elecciones.mesacategoria",
  "pk": 4,
  "fields": {
    "status": "00_sin_cargar",
    "mesa": 4,
    "categoria": 1,
    "carga_testigo": null,
    "taken": null,
    "taken_by": null,
    "percentil": null,
    "orden_de_llegada": null,
    "orden_de_carga": null
  }
},
{
  "model": "elecciones.mesacategoria",
  "pk": 5,
  "fields": {
    "status": "00_sin_cargar",
    "mesa": 5,
    "categoria": 1,
    "carga_testigo": null,
    "taken": null,
    "taken_by": null,
    "percentil": null,
    "orden_de_llegada": null,
    "orden_de_carga": null
  }
},
{
  "model": "elecciones.mesacategoria",
  "pk": 6,
  "fields": {
    "status": "00_sin_cargar",
    "mesa": 6,
    "categoria": 1,
    "carga_testigo": null,
    "taken": null,
    "taken_by": null,
    "percentil": null,
    "orden_de_llegada": null,
    "orden_de_carga": null
  }
},
{
  "model": "elecciones.mesacategoria",
  "pk": 7,
  "fields": {
    "status": "80_total_consolidada_dc",
    "mesa": 7,
    "categoria": 1,
    "carga_testigo": 2,
    "taken": null,
    "taken_by": null,
    "percentil": null,
    "orden_de_llegada": null,
    "orden_de_carga": 0
  }
},
{
  "model": "elecciones.mesacategoria",
  "pk": 8,
  "fields": {
    "status": "00_sin_cargar",
    "mesa": 8,
    "categoria": 1,
    "carga_testigo": null,
    "taken": null,
    "taken_by": null,
    "percentil": null,
    "orden_de_llegada": null,
    "orden_de_carga": null
  }
},
{
  "model": "elecciones.mesacategoria",
  "pk": 9,
  "fields": {
    "status": "00_sin_cargar",
    "mesa": 8,
    "categoria": 2,
    "carga_testigo": null,
    "taken": null,
    "taken_by": null,
    "percentil": null,
    "orden_de_llegada": null,
    "orden_de_carga": null
  }
},
{
  "model": "elecciones.mesacategoria",
  "pk": 10,
  "fields": {
    "status": "00_sin_cargar",
    "mesa": 7,
    "categoria": 2,
    "carga_testigo": null,
    "taken": null,
    "taken_by": null,
    "percentil": null,
    "orden_de_llegada": null,
    "orden_de_carga": 0
  }
},
{
  "model": "elecciones.mesa",
  "pk": 1,
  "fields": {
    "numero": "1",
    "es_testigo": false,
    "circuito": 1,
    "lugar_votacion": 1,
    "url": "",
    "electores": 100,
    "prioridad": 0
  }
},
{
  "model": "elecciones.mesa",
  "pk": 2,
  "fields": {
    "numero": "2",
    "es_testigo": false,
    "circuito": 1,
    "lugar_votacion": 2,
    "url": "",
    "electores": 100,
    "prioridad": 0
  }
},
{
  "model": "elecciones.mesa",
  "pk": 3,
  "fields": {
    "numero": "3",
    "es_testigo": false,
    "circuito": 2,
    "lugar_votacion": 3,
    "url": "",
    "electores": 120,
    "prioridad": 0
  }
},
{
  "model": "elecciones.mesa",
  "pk": 4,
  "fields": {
    "numero": "4",
    "es_testigo": false,
    "circuito": 2,
    "lugar_votacion": 4,
    "url": "",
    "electores": 120,
    "prioridad": 0
  }
},
{
  "model": "elecciones.mesa",
  "pk": 5,
  "fields": {
    "numero": "5",
    "es_testigo": false,
    "circuito": 3,
    "lugar_votacion": 5,
    "url": "",
    "electores": 90,
    "prioridad": 0
  }
},
{
  "model": "elecciones.mesa",
  "pk": 6,
  "fields": {
    "numero": "6",
    "es_testigo": false,
    "circuito": 3,
    "lugar_votacion": 6,
    "url": "",
    "electores": 90,
    "prioridad": 0
  }
},
{
  "model": "elecciones.mesa",
  "pk": 7,
  "fields": {
    "numero": "7",
    "es_testigo": false,
    "circuito": 4,
    "lugar_votacion": 7,
    "url": "",
    "electores": 90,
    "prioridad": 0
  }
},
{
  "model": "elecciones.mesa",
  "pk": 8,
  "fields": {
    "numero": "8",
    "es_testigo": false,
    "circuito": 4,
    "lugar_votacion": 8,
    "url": "",
    "electores": 90,
    "prioridad": 0
  }
},
{
  "model": "elecciones.partido",
  "pk": 1,
  "fields": {
    "orden": 1,
    "numero": null,
    "codigo": "p1",
    "nombre": "Partido 1",
    "nombre_corto": "partido1",
    "color": "",
    "referencia": ""
  }
},
{
  "model": "elecciones.partido",
  "pk": 2,
  "fields": {
    "orden": 2,
    "numero": null,
    "codigo": "p2",
    "nombre": "Partido 2",
    "nombre_corto": "partido2",
    "color": "",
    "referencia": ""
  }
},
{
  "model": "elecciones.partido",
  "pk": 3,
  "fields": {
    "orden": 3,
    "numero": null,
    "codigo": "p3",
    "nombre": "Partido 3",
    "nombre_corto": "partido3",
    "color": "",
    "referencia": ""
  }
},
{
  "model": "elecciones.opcion",
  "pk": 1,
  "fields": {
    "tipo": "no_positivo",
    "nombre": "votos en blanco",
    "nombre_corto": "blanco",
    "codigo": "10000",
    "partido": null,
    "orden": 10,
    "codigo_dne": null
  }
},
{
  "model": "elecciones.opcion",
  "pk": 2,
  "fields": {
    "tipo": "positivo",
    "nombre": "opc1",
    "nombre_corto": "opc1",
    "codigo": "001",
    "partido": 1,
    "orden": 2,
    "codigo_dne": null
  }
},
{
  "model": "elecciones.opcion",
  "pk": 3,
  "fields": {
    "tipo": "positivo",
    "nombre": "opc2",
    "nombre_corto": "opc2",
    "codigo": "002",
    "partido": 2,
    "orden": 3,
    "codigo_dne": null
  }
},
{
  "model": "elecciones.opcion",
  "pk": 4,
  "fields": {
    "tipo": "positivo",
    "nombre": "opc3",
    "nombre_corto": "opc3",
    "codigo": "003",
    "partido": 3,
    "orden": 4,
    "codigo_dne": null
  }
},
{
  "model": "elecciones.opcion",
  "pk": 5,
  "fields": {
    "tipo": "no_positivo",
    "nombre": "votos nulos",
    "nombre_corto": "nulos",
    "codigo": "10001",
    "partido": null,
    "orden": 11,
    "codigo_dne": null
  }
},
{
  "model": "elecciones.opcion",
  "pk": 6,
  "fields": {
    "tipo": "metadata",
    "nombre": "total de votos",
    "nombre_corto": "total_votos",
    "codigo": "10010",
    "partido": null,
    "orden": 12,
    "codigo_dne": null
  }
},
{
  "model": "elecciones.opcion",
  "pk": 7,
  "fields": {
    "tipo": "metadata",
    "nombre": "total de sobres",
    "nombre_corto": "sobres",
    "codigo": null,
    "partido": null,
    "orden": 13,
    "codigo_dne": null
  }
},
{
  "model": "elecciones.eleccion",
  "pk": 1,
  "fields": {
    "fecha": "2019-05-03T23:02:17Z",
    "nombre": "Eleccion"
  }
},
{
  "model": "elecciones.categoria",
  "pk": 1,
  "fields": {
    "eleccion": null,
    "slug": "elecciones-1",
    "nombre": "elecciones-1",
    "color": "black",
    "back_color": "white",
    "activa": true,
    "sensible": false,
    "requiere_cargas_parciales": false,
    "prioridad": 0
  }
},
{
  "model": "elecciones.categoria",
  "pk": 2,
  "fields": {
    "eleccion": 1,
    "slug": "int-circuito-2",
    "nombre": "Int circuito 2",
    "color": "black",
    "back_color": "white",
    "activa": true,
    "sensible": false,
    "requiere_cargas_parciales": false,
    "prioridad": 0
  }
},
{
  "model": "elecciones.categoriaopcion",
  "pk": 1,
  "fields": {
    "categoria": 1,
    "opcion": 2,
    "prioritaria": true
  }
},
{
  "model": "elecciones.categoriaopcion",
  "pk": 2,
  "fields": {
    "categoria": 1,
    "opcion": 3,
    "prioritaria": false
  }
},
{
  "model": "elecciones.categoriaopcion",
  "pk": 3,
  "fields": {
    "categoria": 1,
    "opcion": 4,
    "prioritaria": true
  }
},
{
  "model": "elecciones.categoriaopcion",
  "pk": 4,
  "fields": {
    "categoria": 1,
    "opcion": 1,
    "prioritaria": true
  }
},
{
  "model": "elecciones.categoriaopcion",
  "pk": 5,
  "fields": {
    "categoria": 2,
    "opcion": 2,
    "prioritaria": false
  }
},
{
  "model": "elecciones.categoriaopcion",
  "pk": 6,
  "fields": {
    "categoria": 2,
    "opcion": 3,
    "prioritaria": false
  }
},
{
  "model": "elecciones.categoriaopcion",
  "pk": 7,
  "fields": {
    "categoria": 2,
    "opcion": 4,
    "prioritaria": false
  }
},
{
  "model": "elecciones.categoriaopcion",
  "pk": 8,
  "fields": {
    "categoria": 2,
    "opcion": 1,
    "prioritaria": false
  }
},
{
  "model": "elecciones.categoriaopcion",
  "pk": 9,
  "fields": {
    "categoria": 2,
    "opcion": 5,
    "prioritaria": false
  }
},
{
  "model": "elecciones.categoriaopcion",
  "pk": 10,
  "fields": {
    "categoria": 1,
    "opcion": 5,
    "prioritaria": false
  }
},
{
  "model": "elecciones.categoriaopcion",
  "pk": 11,
  "fields": {
    "categoria": 2,
    "opcion": 7,
    "prioritaria": false
  }
},
{
  "model": "elecciones.categoriaopcion",
  "pk": 12,
  "fields": {
    "categoria": 2,
    "opcion": 6,
    "prioritaria": false
  }
},
{
  "model": "elecciones.categoriaopcion",
  "pk": 13,
  "fields": {
    "categoria": 1,
    "opcion": 6,
    "prioritaria": false
  }
},
{
  "model": "elecciones.categoriaopcion",
  "pk": 14,
  "fields": {
    "categoria": 1,
    "opcion": 7,
    "prioritaria": false
  }
},
{
  "model": "elecciones.carga",
  "pk": 1,
  "fields": {
    "created": "2019-07-04T19:51:27.212Z",
    "modified": "2019-07-04T19:51:27.212Z",
    "invalidada": false,
    "tipo": "problema",
    "origen": "web",
    "mesa_categoria": 1,
    "fiscal": 1,
    "firma": "2-10|3-20|4-30|1-10",
    "procesada": true
  }
},
{
  "model": "elecciones.carga",
  "pk": 2,
  "fields": {
    "created": "2019-07-19T04:43:18.044Z",
    "modified": "2019-07-19T04:43:18.045Z",
    "invalidada": false,
    "tipo": "total",
    "origen": "web",
    "mesa_categoria": 7,
    "fiscal": 1,
    "firma": "2-10|3-20|4-33|1-14",
    "procesada": true
  }
},
{
  "model": "elecciones.votomesareportado",
  "pk": 1,
  "fields": {
    "carga": 1,
    "opcion": 2,
    "votos": 10
  }
},
{
  "model": "elecciones.votomesareportado",
  "pk": 2,
  "fields": {
    "carga": 1,
    "opcion": 3,
    "votos": 20
  }
},
{
  "model": "elecciones.votomesareportado",
  "pk": 3,
  "fields": {
    "carga": 1,
    "opcion": 4,
    "votos": 30
  }
},
{
  "model": "elecciones.votomesareportado",
  "pk": 4,
  "fields": {
    "carga": 1,
    "opcion": 1,
    "votos": 10
  }
},
{
  "model": "elecciones.votomesareportado",
  "pk": 5,
  "fields": {
    "carga": 2,
    "opcion": 2,
    "votos": 10
  }
},
{
  "model": "elecciones.votomesareportado",
  "pk": 6,
  "fields": {
    "carga": 2,
    "opcion": 3,
    "votos": 20
  }
},
{
  "model": "elecciones.votomesareportado",
  "pk": 7,
  "fields": {
    "carga": 2,
    "opcion": 4,
    "votos": 33
  }
},
{
  "model": "elecciones.votomesareportado",
  "pk": 8,
  "fields": {
    "carga": 2,
    "opcion": 1,
    "votos": 14
  }
},
{
  "model": "elecciones.tecnicaproyeccion",
  "pk": 1,
  "fields": {
    "nombre": "Por secci\u00f3n"
  }
},
{
  "model": "elecciones.agrupacioncircuitos",
  "pk": 1,
  "fields": {
    "nombre": "Secci\u00f3n 1",
    "proyeccion": 1,
    "minimo_mesas": 1
  }
},
{
  "model": "elecciones.agrupacioncircuitos",
  "pk": 2,
  "fields": {
    "nombre": "Secci\u00f3n 2",
    "proyeccion": 1,
    "minimo_mesas": 1
  }
},
{
  "model": "elecciones.agrupacioncircuito",
  "pk": 1,
  "fields": {
    "circuito": 1,
    "agrupacion": 1
  }
},
{
  "model": "elecciones.agrupacioncircuito",
  "pk": 2,
  "fields": {
    "circuito": 2,
    "agrupacion": 1
  }
},
{
  "model": "elecciones.agrupacioncircuito",
  "pk": 3,
  "fields": {
    "circuito": 3,
    "agrupacion": 2
  }
},
{
  "model": "elecciones.agrupacioncircuito",
  "pk": 4,
  "fields": {
    "circuito": 4,
    "agrupacion": 2
  }
}
]
